{"cameraMode":{"drawMode":0,"name":"Shaded","section":"Shading Mode"},"sceneLighting":true,"audioPlay":false,"sceneViewState":{"showFog":true,"showMaterialUpdate":true,"showSkybox":true,"showFlares":true,"showImageEffects":true,"showParticleSystems":true},"in2DMode":false,"pivot":{"x":-0.8542375564575195,"y":3.426506519317627,"z":2.3299684524536135},"rotation":{"x":0.06606616824865341,"y":0.9242342114448547,"z":-0.3262176513671875,"w":0.18715643882751466},"size":5.408997058868408,"orthographic":false}